;exp_id;timeline;Behavior;pb_type;alone;indiv;duration;diff;perc_diff;dim;mod
1;20230318_n66_fam_1;after;Basking;fam;not_alone;10049;0;-2;-1;0;1
2;20230318_n66_fam_1;after;Exploration;fam;not_alone;10049;0;-5,425;-1;0;1
3;20230318_n66_fam_1;after;Nest;fam;not_alone;10049;60,116;8,791;0,171281052;1;2
4;20230318_n66_fam_1;after;Vigilance;fam;not_alone;10049;NA;NA;NA;NA;NA
5;20230318_n66_fam_1;before;Basking;fam;not_alone;10049;2;0;0;0;2
6;20230318_n66_fam_1;before;Exploration;fam;not_alone;10049;5,425;0;0;0;2
7;20230318_n66_fam_1;before;Nest;fam;not_alone;10049;51,325;0;0;0;2
8;20230318_n66_fam_1;before;Vigilance;fam;not_alone;10049;NA;NA;NA;NA;NA
9;20230318_n66_fam_1;playback;Basking;fam;not_alone;10049;32,038;30,038;1;1;3
10;20230318_n66_fam_1;playback;Exploration;fam;not_alone;10049;2,076;-3,349;-0,617327189;0;1
11;20230318_n66_fam_1;playback;Nest;fam;not_alone;10049;25,886;-25,439;-0,495645397;0;1
12;20230318_n66_fam_1;playback;Vigilance;fam;not_alone;10049;NA;NA;NA;NA;NA
13;20230311_n66_ctr_5;after;Basking;ctr;not_alone;10436;60,099;0,099;0,00165;1;2
14;20230311_n66_ctr_5;after;Exploration;ctr;not_alone;10436;NA;NA;NA;NA;NA
15;20230311_n66_ctr_5;after;Nest;ctr;not_alone;10436;NA;NA;NA;NA;NA
16;20230311_n66_ctr_5;after;Vigilance;ctr;not_alone;10436;NA;NA;NA;NA;NA
17;20230311_n66_ctr_5;before;Basking;ctr;not_alone;10436;60;0;0;0;2
18;20230311_n66_ctr_5;before;Exploration;ctr;not_alone;10436;NA;NA;NA;NA;NA
19;20230311_n66_ctr_5;before;Nest;ctr;not_alone;10436;NA;NA;NA;NA;NA
20;20230311_n66_ctr_5;before;Vigilance;ctr;not_alone;10436;NA;NA;NA;NA;NA
21;20230311_n66_ctr_5;playback;Basking;ctr;not_alone;10436;60;0;0;0;2
22;20230311_n66_ctr_5;playback;Exploration;ctr;not_alone;10436;NA;NA;NA;NA;NA
23;20230311_n66_ctr_5;playback;Nest;ctr;not_alone;10436;NA;NA;NA;NA;NA
24;20230311_n66_ctr_5;playback;Vigilance;ctr;not_alone;10436;NA;NA;NA;NA;NA
25;20230301_n66_fam_2;after;Basking;fam;alone;10450;60,059;54,365;1;1;3
26;20230301_n66_fam_2;after;Exploration;fam;alone;10450;0;-26,513;-1;0;1
27;20230301_n66_fam_2;after;Nest;fam;alone;10450;NA;NA;NA;NA;NA
28;20230301_n66_fam_2;after;Vigilance;fam;alone;10450;0;-16,756;-1;0;1
29;20230301_n66_fam_2;before;Basking;fam;alone;10450;5,694;0;0;0;2
30;20230301_n66_fam_2;before;Exploration;fam;alone;10450;26,513;0;0;0;2
31;20230301_n66_fam_2;before;Nest;fam;alone;10450;NA;NA;NA;NA;NA
32;20230301_n66_fam_2;before;Vigilance;fam;alone;10450;16,756;0;0;0;2
33;20230301_n66_fam_2;playback;Basking;fam;alone;10450;60;54,306;1;1;3
34;20230301_n66_fam_2;playback;Exploration;fam;alone;10450;0;-26,513;-1;0;1
35;20230301_n66_fam_2;playback;Nest;fam;alone;10450;NA;NA;NA;NA;NA
36;20230301_n66_fam_2;playback;Vigilance;fam;alone;10450;0;-16,756;-1;0;1
37;20230318_n66_ctr_5;after;Basking;ctr;not_alone;10450;60,09;0,09;0,0015;1;2
38;20230318_n66_ctr_5;after;Exploration;ctr;not_alone;10450;NA;NA;NA;NA;NA
39;20230318_n66_ctr_5;after;Nest;ctr;not_alone;10450;NA;NA;NA;NA;NA
40;20230318_n66_ctr_5;after;Vigilance;ctr;not_alone;10450;NA;NA;NA;NA;NA
41;20230318_n66_ctr_5;before;Basking;ctr;not_alone;10450;60;0;0;0;2
42;20230318_n66_ctr_5;before;Exploration;ctr;not_alone;10450;NA;NA;NA;NA;NA
43;20230318_n66_ctr_5;before;Nest;ctr;not_alone;10450;NA;NA;NA;NA;NA
44;20230318_n66_ctr_5;before;Vigilance;ctr;not_alone;10450;NA;NA;NA;NA;NA
45;20230318_n66_ctr_5;playback;Basking;ctr;not_alone;10450;60;0;0;0;2
46;20230318_n66_ctr_5;playback;Exploration;ctr;not_alone;10450;NA;NA;NA;NA;NA
47;20230318_n66_ctr_5;playback;Nest;ctr;not_alone;10450;NA;NA;NA;NA;NA
48;20230318_n66_ctr_5;playback;Vigilance;ctr;not_alone;10450;NA;NA;NA;NA;NA
49;20230318_n66_str_4;after;Basking;str;not_alone;10450;51,681;-8,319;-0,13865;0;2
50;20230318_n66_str_4;after;Exploration;str;not_alone;10450;8,252;8,252;1;1;3
51;20230318_n66_str_4;after;Nest;str;not_alone;10450;NA;NA;NA;NA;NA
52;20230318_n66_str_4;after;Vigilance;str;not_alone;10450;NA;NA;NA;NA;NA
53;20230318_n66_str_4;before;Basking;str;not_alone;10450;60;0;0;0;2
54;20230318_n66_str_4;before;Exploration;str;not_alone;10450;0;0;0;0;2
55;20230318_n66_str_4;before;Nest;str;not_alone;10450;NA;NA;NA;NA;NA
56;20230318_n66_str_4;before;Vigilance;str;not_alone;10450;NA;NA;NA;NA;NA
57;20230318_n66_str_4;playback;Basking;str;not_alone;10450;60;0;0;0;2
58;20230318_n66_str_4;playback;Exploration;str;not_alone;10450;0;0;0;0;2
59;20230318_n66_str_4;playback;Nest;str;not_alone;10450;NA;NA;NA;NA;NA
60;20230318_n66_str_4;playback;Vigilance;str;not_alone;10450;NA;NA;NA;NA;NA
61;20230315_n376_nbg_1;after;Basking;nbg;alone;10478;0;-13,466;-1;0;1
62;20230315_n376_nbg_1;after;Exploration;nbg;alone;10478;0;-46,534;-1;0;1
63;20230315_n376_nbg_1;after;Nest;nbg;alone;10478;60,172;60,172;1;1;3
64;20230315_n376_nbg_1;after;Vigilance;nbg;alone;10478;NA;NA;NA;NA;NA
65;20230315_n376_nbg_1;before;Basking;nbg;alone;10478;13,466;0;0;0;2
66;20230315_n376_nbg_1;before;Exploration;nbg;alone;10478;46,534;0;0;0;2
67;20230315_n376_nbg_1;before;Nest;nbg;alone;10478;0;0;0;0;2
68;20230315_n376_nbg_1;before;Vigilance;nbg;alone;10478;NA;NA;NA;NA;NA
69;20230315_n376_nbg_1;playback;Basking;nbg;alone;10478;7,306;-6,16;-0,457448389;0;1
70;20230315_n376_nbg_1;playback;Exploration;nbg;alone;10478;26,03;-20,504;-0,44062406;0;1
71;20230315_n376_nbg_1;playback;Nest;nbg;alone;10478;26,163;26,163;1;1;3
72;20230315_n376_nbg_1;playback;Vigilance;nbg;alone;10478;NA;NA;NA;NA;NA
73;20230310_n376_nbg_1;after;Basking;nbg;not_alone;10478;14,512;-10,45;-0,418636327;0;1
74;20230310_n376_nbg_1;after;Exploration;nbg;not_alone;10478;2,615;2,615;1;1;3
75;20230310_n376_nbg_1;after;Nest;nbg;not_alone;10478;0;-34,788;-1;0;1
76;20230310_n376_nbg_1;after;Vigilance;nbg;not_alone;10478;41,294;41,294;1;1;3
77;20230310_n376_nbg_1;before;Basking;nbg;not_alone;10478;24,962;0;0;0;2
78;20230310_n376_nbg_1;before;Exploration;nbg;not_alone;10478;0;0;0;0;2
79;20230310_n376_nbg_1;before;Nest;nbg;not_alone;10478;34,788;0;0;0;2
80;20230310_n376_nbg_1;before;Vigilance;nbg;not_alone;10478;0;0;0;0;2
81;20230310_n376_nbg_1;playback;Basking;nbg;not_alone;10478;6,316;-18,646;-0,746975403;0;1
82;20230310_n376_nbg_1;playback;Exploration;nbg;not_alone;10478;2,134;2,134;1;1;3
83;20230310_n376_nbg_1;playback;Nest;nbg;not_alone;10478;0;-34,788;-1;0;1
84;20230310_n376_nbg_1;playback;Vigilance;nbg;not_alone;10478;51,55;51,55;1;1;3
85;20230310_n376_nbg_5;after;Basking;nbg;not_alone;10478;0;-60;-1;0;1
86;20230310_n376_nbg_5;after;Exploration;nbg;not_alone;10478;0;0;0;0;2
87;20230310_n376_nbg_5;after;Nest;nbg;not_alone;10478;60,169;60,169;1;1;3
88;20230310_n376_nbg_5;after;Vigilance;nbg;not_alone;10478;0;0;0;0;2
89;20230310_n376_nbg_5;before;Basking;nbg;not_alone;10478;60;0;0;0;2
90;20230310_n376_nbg_5;before;Exploration;nbg;not_alone;10478;0;0;0;0;2
91;20230310_n376_nbg_5;before;Nest;nbg;not_alone;10478;0;0;0;0;2
92;20230310_n376_nbg_5;before;Vigilance;nbg;not_alone;10478;0;0;0;0;2
93;20230310_n376_nbg_5;playback;Basking;nbg;not_alone;10478;27,815;-32,185;-0,536416667;0;1
94;20230310_n376_nbg_5;playback;Exploration;nbg;not_alone;10478;7,004;7,004;1;1;3
95;20230310_n376_nbg_5;playback;Nest;nbg;not_alone;10478;11,144;11,144;1;1;3
96;20230310_n376_nbg_5;playback;Vigilance;nbg;not_alone;10478;6,756;6,756;1;1;3
97;20230310_n376_str_2;after;Basking;str;not_alone;10478;0;-60;-1;0;1
98;20230310_n376_str_2;after;Exploration;str;not_alone;10478;0;0;0;0;2
99;20230310_n376_str_2;after;Nest;str;not_alone;10478;59,296;59,296;1;1;3
100;20230310_n376_str_2;after;Vigilance;str;not_alone;10478;0,723;0,723;1;1;3
101;20230310_n376_str_2;before;Basking;str;not_alone;10478;60;0;0;0;2
102;20230310_n376_str_2;before;Exploration;str;not_alone;10478;0;0;0;0;2
103;20230310_n376_str_2;before;Nest;str;not_alone;10478;0;0;0;0;2
104;20230310_n376_str_2;before;Vigilance;str;not_alone;10478;0;0;0;0;2
105;20230310_n376_str_2;playback;Basking;str;not_alone;10478;8,661;-51,339;-0,85565;0;1
106;20230310_n376_str_2;playback;Exploration;str;not_alone;10478;1,755;1,755;1;1;3
107;20230310_n376_str_2;playback;Nest;str;not_alone;10478;0;0;0;0;2
108;20230310_n376_str_2;playback;Vigilance;str;not_alone;10478;49,329;49,329;1;1;3
109;20230310_n376_ctr_4;after;Basking;ctr;not_alone;10816;24,654;-35,346;-0,5891;0;1
110;20230310_n376_ctr_4;after;Exploration;ctr;not_alone;10816;NA;NA;NA;NA;NA
111;20230310_n376_ctr_4;after;Nest;ctr;not_alone;10816;NA;NA;NA;NA;NA
112;20230310_n376_ctr_4;after;Vigilance;ctr;not_alone;10816;35,249;35,249;1;1;3
113;20230310_n376_ctr_4;before;Basking;ctr;not_alone;10816;60;0;0;0;2
114;20230310_n376_ctr_4;before;Exploration;ctr;not_alone;10816;NA;NA;NA;NA;NA
115;20230310_n376_ctr_4;before;Nest;ctr;not_alone;10816;NA;NA;NA;NA;NA
116;20230310_n376_ctr_4;before;Vigilance;ctr;not_alone;10816;0;0;0;0;2
117;20230310_n376_ctr_4;playback;Basking;ctr;not_alone;10816;60;0;0;0;2
118;20230310_n376_ctr_4;playback;Exploration;ctr;not_alone;10816;NA;NA;NA;NA;NA
119;20230310_n376_ctr_4;playback;Nest;ctr;not_alone;10816;NA;NA;NA;NA;NA
120;20230310_n376_ctr_4;playback;Vigilance;ctr;not_alone;10816;0;0;0;0;2
121;20230310_n376_fam_3;after;Basking;fam;not_alone;10816;60,002;0,002;3,33E-05;1;2
122;20230310_n376_fam_3;after;Exploration;fam;not_alone;10816;NA;NA;NA;NA;NA
123;20230310_n376_fam_3;after;Nest;fam;not_alone;10816;NA;NA;NA;NA;NA
124;20230310_n376_fam_3;after;Vigilance;fam;not_alone;10816;NA;NA;NA;NA;NA
125;20230310_n376_fam_3;before;Basking;fam;not_alone;10816;60;0;0;0;2
126;20230310_n376_fam_3;before;Exploration;fam;not_alone;10816;NA;NA;NA;NA;NA
127;20230310_n376_fam_3;before;Nest;fam;not_alone;10816;NA;NA;NA;NA;NA
128;20230310_n376_fam_3;before;Vigilance;fam;not_alone;10816;NA;NA;NA;NA;NA
129;20230310_n376_fam_3;playback;Basking;fam;not_alone;10816;60;0;0;0;2
130;20230310_n376_fam_3;playback;Exploration;fam;not_alone;10816;NA;NA;NA;NA;NA
131;20230310_n376_fam_3;playback;Nest;fam;not_alone;10816;NA;NA;NA;NA;NA
132;20230310_n376_fam_3;playback;Vigilance;fam;not_alone;10816;NA;NA;NA;NA;NA
133;20230311_n66_nbg_6;after;Basking;nbg;alone;10821;60,138;16,511;0,378458294;1;3
134;20230311_n66_nbg_6;after;Exploration;nbg;alone;10821;NA;NA;NA;NA;NA
135;20230311_n66_nbg_6;after;Nest;nbg;alone;10821;0;-10,38;-1;0;1
136;20230311_n66_nbg_6;after;Vigilance;nbg;alone;10821;NA;NA;NA;NA;NA
137;20230311_n66_nbg_6;before;Basking;nbg;alone;10821;43,627;0;0;0;2
138;20230311_n66_nbg_6;before;Exploration;nbg;alone;10821;NA;NA;NA;NA;NA
139;20230311_n66_nbg_6;before;Nest;nbg;alone;10821;10,38;0;0;0;2
140;20230311_n66_nbg_6;before;Vigilance;nbg;alone;10821;NA;NA;NA;NA;NA
141;20230311_n66_nbg_6;playback;Basking;nbg;alone;10821;60;16,373;0,375295115;1;3
142;20230311_n66_nbg_6;playback;Exploration;nbg;alone;10821;NA;NA;NA;NA;NA
143;20230311_n66_nbg_6;playback;Nest;nbg;alone;10821;0;-10,38;-1;0;1
144;20230311_n66_nbg_6;playback;Vigilance;nbg;alone;10821;NA;NA;NA;NA;NA
145;20230311_n66_fam_2;after;Basking;fam;not_alone;10821;59,69;-0,31;-0,005166667;0;2
146;20230311_n66_fam_2;after;Exploration;fam;not_alone;10821;NA;NA;NA;NA;NA
147;20230311_n66_fam_2;after;Nest;fam;not_alone;10821;NA;NA;NA;NA;NA
148;20230311_n66_fam_2;after;Vigilance;fam;not_alone;10821;NA;NA;NA;NA;NA
149;20230311_n66_fam_2;before;Basking;fam;not_alone;10821;60;0;0;0;2
150;20230311_n66_fam_2;before;Exploration;fam;not_alone;10821;NA;NA;NA;NA;NA
151;20230311_n66_fam_2;before;Nest;fam;not_alone;10821;NA;NA;NA;NA;NA
152;20230311_n66_fam_2;before;Vigilance;fam;not_alone;10821;NA;NA;NA;NA;NA
153;20230311_n66_fam_2;playback;Basking;fam;not_alone;10821;60;0;0;0;2
154;20230311_n66_fam_2;playback;Exploration;fam;not_alone;10821;NA;NA;NA;NA;NA
155;20230311_n66_fam_2;playback;Nest;fam;not_alone;10821;NA;NA;NA;NA;NA
156;20230311_n66_fam_2;playback;Vigilance;fam;not_alone;10821;NA;NA;NA;NA;NA
157;20230311_n66_nbg_1;after;Basking;nbg;not_alone;10821;0;-60;-1;0;1
158;20230311_n66_nbg_1;after;Exploration;nbg;not_alone;10821;NA;NA;NA;NA;NA
159;20230311_n66_nbg_1;after;Nest;nbg;not_alone;10821;NA;NA;NA;NA;NA
160;20230311_n66_nbg_1;after;Vigilance;nbg;not_alone;10821;60,23;60,23;1;1;3
161;20230311_n66_nbg_1;before;Basking;nbg;not_alone;10821;60;0;0;0;2
162;20230311_n66_nbg_1;before;Exploration;nbg;not_alone;10821;NA;NA;NA;NA;NA
163;20230311_n66_nbg_1;before;Nest;nbg;not_alone;10821;NA;NA;NA;NA;NA
164;20230311_n66_nbg_1;before;Vigilance;nbg;not_alone;10821;0;0;0;0;2
165;20230311_n66_nbg_1;playback;Basking;nbg;not_alone;10821;38,459;-21,541;-0,359016667;0;1
166;20230311_n66_nbg_1;playback;Exploration;nbg;not_alone;10821;NA;NA;NA;NA;NA
167;20230311_n66_nbg_1;playback;Nest;nbg;not_alone;10821;NA;NA;NA;NA;NA
168;20230311_n66_nbg_1;playback;Vigilance;nbg;not_alone;10821;21,541;21,541;1;1;3
169;20230301_n66_nbg_1;after;Basking;nbg;not_alone;10838;58,525;-1,475;-0,024583333;0;2
170;20230301_n66_nbg_1;after;Exploration;nbg;not_alone;10838;NA;NA;NA;NA;NA
171;20230301_n66_nbg_1;after;Nest;nbg;not_alone;10838;NA;NA;NA;NA;NA
172;20230301_n66_nbg_1;after;Vigilance;nbg;not_alone;10838;NA;NA;NA;NA;NA
173;20230301_n66_nbg_1;before;Basking;nbg;not_alone;10838;60;0;0;0;2
174;20230301_n66_nbg_1;before;Exploration;nbg;not_alone;10838;NA;NA;NA;NA;NA
175;20230301_n66_nbg_1;before;Nest;nbg;not_alone;10838;NA;NA;NA;NA;NA
176;20230301_n66_nbg_1;before;Vigilance;nbg;not_alone;10838;NA;NA;NA;NA;NA
177;20230301_n66_nbg_1;playback;Basking;nbg;not_alone;10838;60;0;0;0;2
178;20230301_n66_nbg_1;playback;Exploration;nbg;not_alone;10838;NA;NA;NA;NA;NA
179;20230301_n66_nbg_1;playback;Nest;nbg;not_alone;10838;NA;NA;NA;NA;NA
180;20230301_n66_nbg_1;playback;Vigilance;nbg;not_alone;10838;NA;NA;NA;NA;NA
181;20230306_n66_nbg_3;after;Basking;nbg;not_alone;10843;53,901;-6,099;-0,10165;0;2
182;20230306_n66_nbg_3;after;Exploration;nbg;not_alone;10843;5,007;5,007;1;1;3
183;20230306_n66_nbg_3;after;Nest;nbg;not_alone;10843;NA;NA;NA;NA;NA
184;20230306_n66_nbg_3;after;Vigilance;nbg;not_alone;10843;0;0;0;0;2
185;20230306_n66_nbg_3;before;Basking;nbg;not_alone;10843;60;0;0;0;2
186;20230306_n66_nbg_3;before;Exploration;nbg;not_alone;10843;0;0;0;0;2
187;20230306_n66_nbg_3;before;Nest;nbg;not_alone;10843;NA;NA;NA;NA;NA
188;20230306_n66_nbg_3;before;Vigilance;nbg;not_alone;10843;0;0;0;0;2
189;20230306_n66_nbg_3;playback;Basking;nbg;not_alone;10843;45,737;-14,263;-0,237716667;0;2
190;20230306_n66_nbg_3;playback;Exploration;nbg;not_alone;10843;0,487;0,487;1;1;3
191;20230306_n66_nbg_3;playback;Nest;nbg;not_alone;10843;NA;NA;NA;NA;NA
192;20230306_n66_nbg_3;playback;Vigilance;nbg;not_alone;10843;10,262;10,262;1;1;3
193;20230314_n491_ctr_3;after;Basking;ctr;alone;10905;60;0;0;0;2
194;20230314_n491_ctr_3;after;Exploration;ctr;alone;10905;NA;NA;NA;NA;NA
195;20230314_n491_ctr_3;after;Nest;ctr;alone;10905;NA;NA;NA;NA;NA
196;20230314_n491_ctr_3;after;Vigilance;ctr;alone;10905;NA;NA;NA;NA;NA
197;20230314_n491_ctr_3;before;Basking;ctr;alone;10905;60;0;0;0;2
198;20230314_n491_ctr_3;before;Exploration;ctr;alone;10905;NA;NA;NA;NA;NA
199;20230314_n491_ctr_3;before;Nest;ctr;alone;10905;NA;NA;NA;NA;NA
200;20230314_n491_ctr_3;before;Vigilance;ctr;alone;10905;NA;NA;NA;NA;NA
201;20230314_n491_ctr_3;playback;Basking;ctr;alone;10905;60;0;0;0;2
202;20230314_n491_ctr_3;playback;Exploration;ctr;alone;10905;NA;NA;NA;NA;NA
203;20230314_n491_ctr_3;playback;Nest;ctr;alone;10905;NA;NA;NA;NA;NA
204;20230314_n491_ctr_3;playback;Vigilance;ctr;alone;10905;NA;NA;NA;NA;NA
205;20230302_n491_fam_1;after;Basking;fam;alone;10905;60,407;60,407;1;1;3
206;20230302_n491_fam_1;after;Exploration;fam;alone;10905;0;-13,251;-1;0;1
207;20230302_n491_fam_1;after;Nest;fam;alone;10905;0;-45,001;-1;0;1
208;20230302_n491_fam_1;after;Vigilance;fam;alone;10905;NA;NA;NA;NA;NA
209;20230302_n491_fam_1;before;Basking;fam;alone;10905;0;0;0;0;2
210;20230302_n491_fam_1;before;Exploration;fam;alone;10905;13,251;0;0;0;2
211;20230302_n491_fam_1;before;Nest;fam;alone;10905;45,001;0;0;0;2
212;20230302_n491_fam_1;before;Vigilance;fam;alone;10905;NA;NA;NA;NA;NA
213;20230302_n491_fam_1;playback;Basking;fam;alone;10905;55,998;55,998;1;1;3
214;20230302_n491_fam_1;playback;Exploration;fam;alone;10905;0;-13,251;-1;0;1
215;20230302_n491_fam_1;playback;Nest;fam;alone;10905;0;-45,001;-1;0;1
216;20230302_n491_fam_1;playback;Vigilance;fam;alone;10905;NA;NA;NA;NA;NA
217;20230314_n491_nbg_4;after;Basking;nbg;alone;10905;60,437;0,437;0,007283333;1;2
218;20230314_n491_nbg_4;after;Exploration;nbg;alone;10905;NA;NA;NA;NA;NA
219;20230314_n491_nbg_4;after;Nest;nbg;alone;10905;NA;NA;NA;NA;NA
220;20230314_n491_nbg_4;after;Vigilance;nbg;alone;10905;NA;NA;NA;NA;NA
221;20230314_n491_nbg_4;before;Basking;nbg;alone;10905;60;0;0;0;2
222;20230314_n491_nbg_4;before;Exploration;nbg;alone;10905;NA;NA;NA;NA;NA
223;20230314_n491_nbg_4;before;Nest;nbg;alone;10905;NA;NA;NA;NA;NA
224;20230314_n491_nbg_4;before;Vigilance;nbg;alone;10905;NA;NA;NA;NA;NA
225;20230314_n491_nbg_4;playback;Basking;nbg;alone;10905;60;0;0;0;2
226;20230314_n491_nbg_4;playback;Exploration;nbg;alone;10905;NA;NA;NA;NA;NA
227;20230314_n491_nbg_4;playback;Nest;nbg;alone;10905;NA;NA;NA;NA;NA
228;20230314_n491_nbg_4;playback;Vigilance;nbg;alone;10905;NA;NA;NA;NA;NA
229;20230302_n491_str_2;after;Basking;str;alone;10905;0;-24,247;-1;0;1
230;20230302_n491_str_2;after;Exploration;str;alone;10905;9,087;-20,165;-0,689354574;0;1
231;20230302_n491_str_2;after;Nest;str;alone;10905;NA;NA;NA;NA;NA
232;20230302_n491_str_2;after;Vigilance;str;alone;10905;49,997;49,997;1;1;3
233;20230302_n491_str_2;before;Basking;str;alone;10905;24,247;0;0;0;2
234;20230302_n491_str_2;before;Exploration;str;alone;10905;29,252;0;0;0;2
235;20230302_n491_str_2;before;Nest;str;alone;10905;NA;NA;NA;NA;NA
236;20230302_n491_str_2;before;Vigilance;str;alone;10905;0;0;0;0;2
237;20230302_n491_str_2;playback;Basking;str;alone;10905;0;-24,247;-1;0;1
238;20230302_n491_str_2;playback;Exploration;str;alone;10905;34,42;5,168;0,176671681;1;2
239;20230302_n491_str_2;playback;Nest;str;alone;10905;NA;NA;NA;NA;NA
240;20230302_n491_str_2;playback;Vigilance;str;alone;10905;25,25;25,25;1;1;3
241;20230314_n491_str_2;after;Basking;str;alone;10905;0;-51,637;-1;0;1
242;20230314_n491_str_2;after;Exploration;str;alone;10905;NA;NA;NA;NA;NA
243;20230314_n491_str_2;after;Nest;str;alone;10905;NA;NA;NA;NA;NA
244;20230314_n491_str_2;after;Vigilance;str;alone;10905;60,276;52,41;1;1;3
245;20230314_n491_str_2;before;Basking;str;alone;10905;51,637;0;0;0;2
246;20230314_n491_str_2;before;Exploration;str;alone;10905;NA;NA;NA;NA;NA
247;20230314_n491_str_2;before;Nest;str;alone;10905;NA;NA;NA;NA;NA
248;20230314_n491_str_2;before;Vigilance;str;alone;10905;7,866;0;0;0;2
249;20230314_n491_str_2;playback;Basking;str;alone;10905;0;-51,637;-1;0;1
250;20230314_n491_str_2;playback;Exploration;str;alone;10905;NA;NA;NA;NA;NA
251;20230314_n491_str_2;playback;Nest;str;alone;10905;NA;NA;NA;NA;NA
252;20230314_n491_str_2;playback;Vigilance;str;alone;10905;60;52,134;1;1;3
253;20230314_n491_fam_1;after;Basking;fam;not_alone;10905;60,012;43,559;1;1;3
254;20230314_n491_fam_1;after;Exploration;fam;not_alone;10905;0;-9,01;-1;0;1
255;20230314_n491_fam_1;after;Nest;fam;not_alone;10905;0;-33,54;-1;0;1
256;20230314_n491_fam_1;after;Vigilance;fam;not_alone;10905;NA;NA;NA;NA;NA
257;20230314_n491_fam_1;before;Basking;fam;not_alone;10905;16,453;0;0;0;2
258;20230314_n491_fam_1;before;Exploration;fam;not_alone;10905;9,01;0;0;0;2
259;20230314_n491_fam_1;before;Nest;fam;not_alone;10905;33,54;0;0;0;2
260;20230314_n491_fam_1;before;Vigilance;fam;not_alone;10905;NA;NA;NA;NA;NA
261;20230314_n491_fam_1;playback;Basking;fam;not_alone;10905;60;43,547;1;1;3
262;20230314_n491_fam_1;playback;Exploration;fam;not_alone;10905;0;-9,01;-1;0;1
263;20230314_n491_fam_1;playback;Nest;fam;not_alone;10905;0;-33,54;-1;0;1
264;20230314_n491_fam_1;playback;Vigilance;fam;not_alone;10905;NA;NA;NA;NA;NA
265;20230321_n491_nbg_4;after;Basking;nbg;alone;10909;1,758;1,758;1;1;3
266;20230321_n491_nbg_4;after;Exploration;nbg;alone;10909;4,761;-7,828;-0,621812694;0;1
267;20230321_n491_nbg_4;after;Nest;nbg;alone;10909;53,549;6,138;0,129463627;1;2
268;20230321_n491_nbg_4;after;Vigilance;nbg;alone;10909;0;0;0;0;2
269;20230321_n491_nbg_4;before;Basking;nbg;alone;10909;0;0;0;0;2
270;20230321_n491_nbg_4;before;Exploration;nbg;alone;10909;12,589;0;0;0;2
271;20230321_n491_nbg_4;before;Nest;nbg;alone;10909;47,411;0;0;0;2
272;20230321_n491_nbg_4;before;Vigilance;nbg;alone;10909;0;0;0;0;2
273;20230321_n491_nbg_4;playback;Basking;nbg;alone;10909;20,261;20,261;1;1;3
274;20230321_n491_nbg_4;playback;Exploration;nbg;alone;10909;12,477;-0,112;-0,008896656;0;2
275;20230321_n491_nbg_4;playback;Nest;nbg;alone;10909;0;-47,411;-1;0;1
276;20230321_n491_nbg_4;playback;Vigilance;nbg;alone;10909;14,008;14,008;1;1;3
277;20230321_n491_fam_1;after;Basking;fam;not_alone;10909;60,31;0,31;0,005166667;1;2
278;20230321_n491_fam_1;after;Exploration;fam;not_alone;10909;NA;NA;NA;NA;NA
279;20230321_n491_fam_1;after;Nest;fam;not_alone;10909;NA;NA;NA;NA;NA
280;20230321_n491_fam_1;after;Vigilance;fam;not_alone;10909;NA;NA;NA;NA;NA
281;20230321_n491_fam_1;before;Basking;fam;not_alone;10909;60;0;0;0;2
282;20230321_n491_fam_1;before;Exploration;fam;not_alone;10909;NA;NA;NA;NA;NA
283;20230321_n491_fam_1;before;Nest;fam;not_alone;10909;NA;NA;NA;NA;NA
284;20230321_n491_fam_1;before;Vigilance;fam;not_alone;10909;NA;NA;NA;NA;NA
285;20230321_n491_fam_1;playback;Basking;fam;not_alone;10909;60;0;0;0;2
286;20230321_n491_fam_1;playback;Exploration;fam;not_alone;10909;NA;NA;NA;NA;NA
287;20230321_n491_fam_1;playback;Nest;fam;not_alone;10909;NA;NA;NA;NA;NA
288;20230321_n491_fam_1;playback;Vigilance;fam;not_alone;10909;NA;NA;NA;NA;NA
289;20230309_n491_str_5;after;Basking;str;not_alone;10909;31,048;16,246;1;1;3
290;20230309_n491_str_5;after;Exploration;str;not_alone;10909;0;-11,659;-1;0;1
291;20230309_n491_str_5;after;Nest;str;not_alone;10909;NA;NA;NA;NA;NA
292;20230309_n491_str_5;after;Vigilance;str;not_alone;10909;26,764;-2,517;-0,085960179;0;2
293;20230309_n491_str_5;before;Basking;str;not_alone;10909;14,802;0;0;0;2
294;20230309_n491_str_5;before;Exploration;str;not_alone;10909;11,659;0;0;0;2
295;20230309_n491_str_5;before;Nest;str;not_alone;10909;NA;NA;NA;NA;NA
296;20230309_n491_str_5;before;Vigilance;str;not_alone;10909;29,281;0;0;0;2
297;20230309_n491_str_5;playback;Basking;str;not_alone;10909;9,456;-5,346;-0,36116741;0;1
298;20230309_n491_str_5;playback;Exploration;str;not_alone;10909;0;-11,659;-1;0;1
299;20230309_n491_str_5;playback;Nest;str;not_alone;10909;NA;NA;NA;NA;NA
300;20230309_n491_str_5;playback;Vigilance;str;not_alone;10909;45,799;16,518;0,564120078;1;3
301;20230309_n491_fam_3;after;Basking;fam;not_alone;10932;60,192;0,192;0,0032;1;2
302;20230309_n491_fam_3;after;Exploration;fam;not_alone;10932;NA;NA;NA;NA;NA
303;20230309_n491_fam_3;after;Nest;fam;not_alone;10932;NA;NA;NA;NA;NA
304;20230309_n491_fam_3;after;Vigilance;fam;not_alone;10932;NA;NA;NA;NA;NA
305;20230309_n491_fam_3;before;Basking;fam;not_alone;10932;60;0;0;0;2
306;20230309_n491_fam_3;before;Exploration;fam;not_alone;10932;NA;NA;NA;NA;NA
307;20230309_n491_fam_3;before;Nest;fam;not_alone;10932;NA;NA;NA;NA;NA
308;20230309_n491_fam_3;before;Vigilance;fam;not_alone;10932;NA;NA;NA;NA;NA
309;20230309_n491_fam_3;playback;Basking;fam;not_alone;10932;60;0;0;0;2
310;20230309_n491_fam_3;playback;Exploration;fam;not_alone;10932;NA;NA;NA;NA;NA
311;20230309_n491_fam_3;playback;Nest;fam;not_alone;10932;NA;NA;NA;NA;NA
312;20230309_n491_fam_3;playback;Vigilance;fam;not_alone;10932;NA;NA;NA;NA;NA
313;20230309_n491_fam_6;after;Basking;fam;not_alone;10932;60,366;0,366;0,0061;1;2
314;20230309_n491_fam_6;after;Exploration;fam;not_alone;10932;NA;NA;NA;NA;NA
315;20230309_n491_fam_6;after;Nest;fam;not_alone;10932;0;0;0;0;2
316;20230309_n491_fam_6;after;Vigilance;fam;not_alone;10932;NA;NA;NA;NA;NA
317;20230309_n491_fam_6;before;Basking;fam;not_alone;10932;60;0;0;0;2
318;20230309_n491_fam_6;before;Exploration;fam;not_alone;10932;NA;NA;NA;NA;NA
319;20230309_n491_fam_6;before;Nest;fam;not_alone;10932;0;0;0;0;2
320;20230309_n491_fam_6;before;Vigilance;fam;not_alone;10932;NA;NA;NA;NA;NA
321;20230309_n491_fam_6;playback;Basking;fam;not_alone;10932;54,251;-5,749;-0,095816667;0;2
322;20230309_n491_fam_6;playback;Exploration;fam;not_alone;10932;NA;NA;NA;NA;NA
323;20230309_n491_fam_6;playback;Nest;fam;not_alone;10932;3,254;3,254;1;1;3
324;20230309_n491_fam_6;playback;Vigilance;fam;not_alone;10932;NA;NA;NA;NA;NA
325;20230309_n491_nbg_4;after;Basking;nbg;not_alone;10932;21,255;-38,745;-0,64575;0;1
326;20230309_n491_nbg_4;after;Exploration;nbg;not_alone;10932;0;0;0;0;2
327;20230309_n491_nbg_4;after;Nest;nbg;not_alone;10932;NA;NA;NA;NA;NA
328;20230309_n491_nbg_4;after;Vigilance;nbg;not_alone;10932;38,353;38,353;1;1;3
329;20230309_n491_nbg_4;before;Basking;nbg;not_alone;10932;60;0;0;0;2
330;20230309_n491_nbg_4;before;Exploration;nbg;not_alone;10932;0;0;0;0;2
331;20230309_n491_nbg_4;before;Nest;nbg;not_alone;10932;NA;NA;NA;NA;NA
332;20230309_n491_nbg_4;before;Vigilance;nbg;not_alone;10932;0;0;0;0;2
333;20230309_n491_nbg_4;playback;Basking;nbg;not_alone;10932;7,504;-52,496;-0,874933333;0;1
334;20230309_n491_nbg_4;playback;Exploration;nbg;not_alone;10932;8,504;8,504;1;1;3
335;20230309_n491_nbg_4;playback;Nest;nbg;not_alone;10932;NA;NA;NA;NA;NA
336;20230309_n491_nbg_4;playback;Vigilance;nbg;not_alone;10932;43,23;43,23;1;1;3
337;20230303_n376_ctr_1;after;Basking;ctr;alone;10936;60,217;60,217;1;1;3
338;20230303_n376_ctr_1;after;Exploration;ctr;alone;10936;NA;NA;NA;NA;NA
339;20230303_n376_ctr_1;after;Nest;ctr;alone;10936;NA;NA;NA;NA;NA
340;20230303_n376_ctr_1;after;Vigilance;ctr;alone;10936;0;-1,032;-1;0;1
341;20230303_n376_ctr_1;before;Basking;ctr;alone;10936;0;0;0;0;2
342;20230303_n376_ctr_1;before;Exploration;ctr;alone;10936;NA;NA;NA;NA;NA
343;20230303_n376_ctr_1;before;Nest;ctr;alone;10936;NA;NA;NA;NA;NA
344;20230303_n376_ctr_1;before;Vigilance;ctr;alone;10936;1,032;0;0;0;2
345;20230303_n376_ctr_1;playback;Basking;ctr;alone;10936;52,282;52,282;1;1;3
346;20230303_n376_ctr_1;playback;Exploration;ctr;alone;10936;NA;NA;NA;NA;NA
347;20230303_n376_ctr_1;playback;Nest;ctr;alone;10936;NA;NA;NA;NA;NA
348;20230303_n376_ctr_1;playback;Vigilance;ctr;alone;10936;4,466;3,434;1;1;3
349;20230303_n376_fam_4;after;Basking;fam;alone;10936;59,246;12,751;0,274244542;1;3
350;20230303_n376_fam_4;after;Exploration;fam;alone;10936;0;-8,009;-1;0;1
351;20230303_n376_fam_4;after;Nest;fam;alone;10936;0;-3,996;-1;0;1
352;20230303_n376_fam_4;after;Vigilance;fam;alone;10936;NA;NA;NA;NA;NA
353;20230303_n376_fam_4;before;Basking;fam;alone;10936;46,495;0;0;0;2
354;20230303_n376_fam_4;before;Exploration;fam;alone;10936;8,009;0;0;0;2
355;20230303_n376_fam_4;before;Nest;fam;alone;10936;3,996;0;0;0;2
356;20230303_n376_fam_4;before;Vigilance;fam;alone;10936;NA;NA;NA;NA;NA
357;20230303_n376_fam_4;playback;Basking;fam;alone;10936;60;13,505;0,29046134;1;3
358;20230303_n376_fam_4;playback;Exploration;fam;alone;10936;0;-8,009;-1;0;1
359;20230303_n376_fam_4;playback;Nest;fam;alone;10936;0;-3,996;-1;0;1
360;20230303_n376_fam_4;playback;Vigilance;fam;alone;10936;NA;NA;NA;NA;NA
361;20230324_n376_fam_1;after;Basking;fam;alone;10936;0;-8,669;-1;0;1
362;20230324_n376_fam_1;after;Exploration;fam;alone;10936;60,209;8,878;0,172955914;1;2
363;20230324_n376_fam_1;after;Nest;fam;alone;10936;NA;NA;NA;NA;NA
364;20230324_n376_fam_1;after;Vigilance;fam;alone;10936;NA;NA;NA;NA;NA
365;20230324_n376_fam_1;before;Basking;fam;alone;10936;8,669;0;0;0;2
366;20230324_n376_fam_1;before;Exploration;fam;alone;10936;51,331;0;0;0;2
367;20230324_n376_fam_1;before;Nest;fam;alone;10936;NA;NA;NA;NA;NA
368;20230324_n376_fam_1;before;Vigilance;fam;alone;10936;NA;NA;NA;NA;NA
369;20230324_n376_fam_1;playback;Basking;fam;alone;10936;57,644;48,975;1;1;3
370;20230324_n376_fam_1;playback;Exploration;fam;alone;10936;2,356;-48,975;-0,95410181;0;1
371;20230324_n376_fam_1;playback;Nest;fam;alone;10936;NA;NA;NA;NA;NA
372;20230324_n376_fam_1;playback;Vigilance;fam;alone;10936;NA;NA;NA;NA;NA
373;20230322_n376_str_1;after;Basking;str;alone;10936;18,03;-21,772;-0,547007688;0;1
374;20230322_n376_str_1;after;Exploration;str;alone;10936;5,497;2,747;0,998909091;1;3
375;20230322_n376_str_1;after;Nest;str;alone;10936;29,256;17,306;1;1;3
376;20230322_n376_str_1;after;Vigilance;str;alone;10936;6,307;6,307;1;1;3
377;20230322_n376_str_1;before;Basking;str;alone;10936;39,802;0;0;0;2
378;20230322_n376_str_1;before;Exploration;str;alone;10936;2,75;0;0;0;2
379;20230322_n376_str_1;before;Nest;str;alone;10936;11,95;0;0;0;2
380;20230322_n376_str_1;before;Vigilance;str;alone;10936;0;0;0;0;2
381;20230322_n376_str_1;playback;Basking;str;alone;10936;0;-39,802;-1;0;1
382;20230322_n376_str_1;playback;Exploration;str;alone;10936;0;-2,75;-1;0;1
383;20230322_n376_str_1;playback;Nest;str;alone;10936;0;-11,95;-1;0;1
384;20230322_n376_str_1;playback;Vigilance;str;alone;10936;59,748;59,748;1;1;3
385;20230321_n491_fam_6;after;Basking;fam;alone;10941;0;-53,804;-1;0;1
386;20230321_n491_fam_6;after;Exploration;fam;alone;10941;44,042;38,938;1;1;3
387;20230321_n491_fam_6;after;Nest;fam;alone;10941;NA;NA;NA;NA;NA
388;20230321_n491_fam_6;after;Vigilance;fam;alone;10941;15,979;14,887;1;1;3
389;20230321_n491_fam_6;before;Basking;fam;alone;10941;53,804;0;0;0;2
390;20230321_n491_fam_6;before;Exploration;fam;alone;10941;5,104;0;0;0;2
391;20230321_n491_fam_6;before;Nest;fam;alone;10941;NA;NA;NA;NA;NA
392;20230321_n491_fam_6;before;Vigilance;fam;alone;10941;1,092;0;0;0;2
393;20230321_n491_fam_6;playback;Basking;fam;alone;10941;0;-53,804;-1;0;1
394;20230321_n491_fam_6;playback;Exploration;fam;alone;10941;0;-5,104;-1;0;1
395;20230321_n491_fam_6;playback;Nest;fam;alone;10941;NA;NA;NA;NA;NA
396;20230321_n491_fam_6;playback;Vigilance;fam;alone;10941;60;58,908;1;1;3
397;20230321_n491_str_5;after;Basking;str;alone;10941;27,76;2,577;0,102330938;1;2
398;20230321_n491_str_5;after;Exploration;str;alone;10941;0;-32,007;-1;0;1
399;20230321_n491_str_5;after;Nest;str;alone;10941;NA;NA;NA;NA;NA
400;20230321_n491_str_5;after;Vigilance;str;alone;10941;32,307;29,497;1;1;3
401;20230321_n491_str_5;before;Basking;str;alone;10941;25,183;0;0;0;2
402;20230321_n491_str_5;before;Exploration;str;alone;10941;32,007;0;0;0;2
403;20230321_n491_str_5;before;Nest;str;alone;10941;NA;NA;NA;NA;NA
404;20230321_n491_str_5;before;Vigilance;str;alone;10941;2,81;0;0;0;2
405;20230321_n491_str_5;playback;Basking;str;alone;10941;0;-25,183;-1;0;1
406;20230321_n491_str_5;playback;Exploration;str;alone;10941;0;-32,007;-1;0;1
407;20230321_n491_str_5;playback;Nest;str;alone;10941;NA;NA;NA;NA;NA
408;20230321_n491_str_5;playback;Vigilance;str;alone;10941;60;57,19;1;1;3
409;20230309_n491_nbg_1;after;Basking;nbg;alone;10962;60,2;0,2;0,003333333;1;2
410;20230309_n491_nbg_1;after;Exploration;nbg;alone;10962;NA;NA;NA;NA;NA
411;20230309_n491_nbg_1;after;Nest;nbg;alone;10962;NA;NA;NA;NA;NA
412;20230309_n491_nbg_1;after;Vigilance;nbg;alone;10962;NA;NA;NA;NA;NA
413;20230309_n491_nbg_1;before;Basking;nbg;alone;10962;60;0;0;0;2
414;20230309_n491_nbg_1;before;Exploration;nbg;alone;10962;NA;NA;NA;NA;NA
415;20230309_n491_nbg_1;before;Nest;nbg;alone;10962;NA;NA;NA;NA;NA
416;20230309_n491_nbg_1;before;Vigilance;nbg;alone;10962;NA;NA;NA;NA;NA
417;20230309_n491_nbg_1;playback;Basking;nbg;alone;10962;60;0;0;0;2
418;20230309_n491_nbg_1;playback;Exploration;nbg;alone;10962;NA;NA;NA;NA;NA
419;20230309_n491_nbg_1;playback;Nest;nbg;alone;10962;NA;NA;NA;NA;NA
420;20230309_n491_nbg_1;playback;Vigilance;nbg;alone;10962;NA;NA;NA;NA;NA
421;20230309_n491_str_2;after;Basking;str;alone;10962;26,627;-33,373;-0,556216667;0;1
422;20230309_n491_str_2;after;Exploration;str;alone;10962;20,255;20,255;1;1;3
423;20230309_n491_str_2;after;Nest;str;alone;10962;1,497;1,497;1;1;3
424;20230309_n491_str_2;after;Vigilance;str;alone;10962;6,999;6,999;1;1;3
425;20230309_n491_str_2;before;Basking;str;alone;10962;60;0;0;0;2
426;20230309_n491_str_2;before;Exploration;str;alone;10962;0;0;0;0;2
427;20230309_n491_str_2;before;Nest;str;alone;10962;0;0;0;0;2
428;20230309_n491_str_2;before;Vigilance;str;alone;10962;0;0;0;0;2
429;20230309_n491_str_2;playback;Basking;str;alone;10962;60;0;0;0;2
430;20230309_n491_str_2;playback;Exploration;str;alone;10962;0;0;0;0;2
431;20230309_n491_str_2;playback;Nest;str;alone;10962;0;0;0;0;2
432;20230309_n491_str_2;playback;Vigilance;str;alone;10962;0;0;0;0;2
433;20230321_n491_str_3;after;Basking;str;alone;10962;0;-53,297;-1;0;1
434;20230321_n491_str_3;after;Exploration;str;alone;10962;NA;NA;NA;NA;NA
435;20230321_n491_str_3;after;Nest;str;alone;10962;59,423;56,973;1;1;3
436;20230321_n491_str_3;after;Vigilance;str;alone;10962;0;-4,253;-1;0;1
437;20230321_n491_str_3;before;Basking;str;alone;10962;53,297;0;0;0;2
438;20230321_n491_str_3;before;Exploration;str;alone;10962;NA;NA;NA;NA;NA
439;20230321_n491_str_3;before;Nest;str;alone;10962;2,45;0;0;0;2
440;20230321_n491_str_3;before;Vigilance;str;alone;10962;4,253;0;0;0;2
441;20230321_n491_str_3;playback;Basking;str;alone;10962;0;-53,297;-1;0;1
442;20230321_n491_str_3;playback;Exploration;str;alone;10962;NA;NA;NA;NA;NA
443;20230321_n491_str_3;playback;Nest;str;alone;10962;60;57,55;1;1;3
444;20230321_n491_str_3;playback;Vigilance;str;alone;10962;0;-4,253;-1;0;1
445;20230321_n491_nbg_2;after;Basking;nbg;not_alone;10962;60,016;0,016;0,000266667;1;2
446;20230321_n491_nbg_2;after;Exploration;nbg;not_alone;10962;NA;NA;NA;NA;NA
447;20230321_n491_nbg_2;after;Nest;nbg;not_alone;10962;NA;NA;NA;NA;NA
448;20230321_n491_nbg_2;after;Vigilance;nbg;not_alone;10962;NA;NA;NA;NA;NA
449;20230321_n491_nbg_2;before;Basking;nbg;not_alone;10962;60;0;0;0;2
450;20230321_n491_nbg_2;before;Exploration;nbg;not_alone;10962;NA;NA;NA;NA;NA
451;20230321_n491_nbg_2;before;Nest;nbg;not_alone;10962;NA;NA;NA;NA;NA
452;20230321_n491_nbg_2;before;Vigilance;nbg;not_alone;10962;NA;NA;NA;NA;NA
453;20230321_n491_nbg_2;playback;Basking;nbg;not_alone;10962;60;0;0;0;2
454;20230321_n491_nbg_2;playback;Exploration;nbg;not_alone;10962;NA;NA;NA;NA;NA
455;20230321_n491_nbg_2;playback;Nest;nbg;not_alone;10962;NA;NA;NA;NA;NA
456;20230321_n491_nbg_2;playback;Vigilance;nbg;not_alone;10962;NA;NA;NA;NA;NA
457;20230306_n66_fam_1;after;Basking;fam;alone;unknown2;0;-20,683;-1;0;1
458;20230306_n66_fam_1;after;Exploration;fam;alone;unknown2;0;-9,021;-1;0;1
459;20230306_n66_fam_1;after;Nest;fam;alone;unknown2;60,475;43,93;1;1;3
460;20230306_n66_fam_1;after;Vigilance;fam;alone;unknown2;NA;NA;NA;NA;NA
461;20230306_n66_fam_1;before;Basking;fam;alone;unknown2;20,683;0;0;0;2
462;20230306_n66_fam_1;before;Exploration;fam;alone;unknown2;9,021;0;0;0;2
463;20230306_n66_fam_1;before;Nest;fam;alone;unknown2;16,545;0;0;0;2
464;20230306_n66_fam_1;before;Vigilance;fam;alone;unknown2;NA;NA;NA;NA;NA
465;20230306_n66_fam_1;playback;Basking;fam;alone;unknown2;14,612;-6,071;-0,293526084;0;1
466;20230306_n66_fam_1;playback;Exploration;fam;alone;unknown2;6,75;-2,271;-0,251745926;0;1
467;20230306_n66_fam_1;playback;Nest;fam;alone;unknown2;37,638;21,093;1;1;3
468;20230306_n66_fam_1;playback;Vigilance;fam;alone;unknown2;NA;NA;NA;NA;NA
469;20230311_n66_nbg_3;after;Basking;nbg;alone;unknown3;0;-23,118;-1;0;1
470;20230311_n66_nbg_3;after;Exploration;nbg;alone;unknown3;10,254;10,254;1;1;3
471;20230311_n66_nbg_3;after;Nest;nbg;alone;unknown3;39,754;5,621;0,164679343;1;2
472;20230311_n66_nbg_3;after;Vigilance;nbg;alone;unknown3;9,472;9,472;1;1;3
473;20230311_n66_nbg_3;before;Basking;nbg;alone;unknown3;23,118;0;0;0;2
474;20230311_n66_nbg_3;before;Exploration;nbg;alone;unknown3;0;0;0;0;2
475;20230311_n66_nbg_3;before;Nest;nbg;alone;unknown3;34,133;0;0;0;2
476;20230311_n66_nbg_3;before;Vigilance;nbg;alone;unknown3;0;0;0;0;2
477;20230311_n66_nbg_3;playback;Basking;nbg;alone;unknown3;56,46;33,342;1;1;3
478;20230311_n66_nbg_3;playback;Exploration;nbg;alone;unknown3;0;0;0;0;2
479;20230311_n66_nbg_3;playback;Nest;nbg;alone;unknown3;0;-34,133;-1;0;1
480;20230311_n66_nbg_3;playback;Vigilance;nbg;alone;unknown3;3,54;3,54;1;1;3
481;20230315_n376_nbg_2;after;Basking;nbg;alone;unknown4;4,98;-13,765;-0,734329154;0;1
482;20230315_n376_nbg_2;after;Exploration;nbg;alone;unknown4;0;-39,694;-1;0;1
483;20230315_n376_nbg_2;after;Nest;nbg;alone;unknown4;55,077;55,077;1;1;3
484;20230315_n376_nbg_2;after;Vigilance;nbg;alone;unknown4;0;-0,564;-1;0;1
485;20230315_n376_nbg_2;before;Basking;nbg;alone;unknown4;18,745;0;0;0;2
486;20230315_n376_nbg_2;before;Exploration;nbg;alone;unknown4;39,694;0;0;0;2
487;20230315_n376_nbg_2;before;Nest;nbg;alone;unknown4;0;0;0;0;2
488;20230315_n376_nbg_2;before;Vigilance;nbg;alone;unknown4;0,564;0;0;0;2
489;20230315_n376_nbg_2;playback;Basking;nbg;alone;unknown4;19,281;0,536;0,028594292;1;2
490;20230315_n376_nbg_2;playback;Exploration;nbg;alone;unknown4;11,797;-27,897;-0,702801431;0;1
491;20230315_n376_nbg_2;playback;Nest;nbg;alone;unknown4;0;0;0;0;2
492;20230315_n376_nbg_2;playback;Vigilance;nbg;alone;unknown4;27,963;27,399;1;1;3
493;20230324_n376_fam_2;after;Basking;fam;alone;unknown5;60,326;52,524;1;1;3
494;20230324_n376_fam_2;after;Exploration;fam;alone;unknown5;0;-52,198;-1;0;1
495;20230324_n376_fam_2;after;Nest;fam;alone;unknown5;NA;NA;NA;NA;NA
496;20230324_n376_fam_2;after;Vigilance;fam;alone;unknown5;NA;NA;NA;NA;NA
497;20230324_n376_fam_2;before;Basking;fam;alone;unknown5;7,802;0;0;0;2
498;20230324_n376_fam_2;before;Exploration;fam;alone;unknown5;52,198;0;0;0;2
499;20230324_n376_fam_2;before;Nest;fam;alone;unknown5;NA;NA;NA;NA;NA
500;20230324_n376_fam_2;before;Vigilance;fam;alone;unknown5;NA;NA;NA;NA;NA
501;20230324_n376_fam_2;playback;Basking;fam;alone;unknown5;60;52,198;1;1;3
502;20230324_n376_fam_2;playback;Exploration;fam;alone;unknown5;0;-52,198;-1;0;1
503;20230324_n376_fam_2;playback;Nest;fam;alone;unknown5;NA;NA;NA;NA;NA
504;20230324_n376_fam_2;playback;Vigilance;fam;alone;unknown5;NA;NA;NA;NA;NA
