X;exp_id;timeline;Behavior;pb_type;alone;indiv;duration;diff;perc_diff;dim;mod;ZOdur;ZOdur_beta
9;20230318_n66_fam_1;playback;Basking;fam;not_alone;10049;32.038;30.038;1;1;3;0.529772633;0.529772633
10;20230318_n66_fam_1;playback;Exploration;fam;not_alone;10049;2.076;-3.349;-0.617327189;0;1;0.034328235;0.034328235
12;20230318_n66_fam_1;playback;Vigilance;fam;not_alone;10049;0;0;0;0;2;0;2.00E-16
21;20230311_n66_ctr_5;playback;Basking;ctr;not_alone;10436;60;0;0;0;2;0.992145515;0.992145515
22;20230311_n66_ctr_5;playback;Exploration;ctr;not_alone;10436;0;0;0;0;2;0;2.00E-16
24;20230311_n66_ctr_5;playback;Vigilance;ctr;not_alone;10436;0;0;0;0;2;0;2.00E-16
33;20230301_n66_fam_2;playback;Basking;fam;alone;10450;60;54.306;1;1;3;0.992145515;0.992145515
34;20230301_n66_fam_2;playback;Exploration;fam;alone;10450;0;-26.513;-1;0;1;0;2.00E-16
36;20230301_n66_fam_2;playback;Vigilance;fam;alone;10450;0;-16.756;-1;0;1;0;2.00E-16
45;20230318_n66_ctr_5;playback;Basking;ctr;not_alone;10450;60;0;0;0;2;0.992145515;0.992145515
46;20230318_n66_ctr_5;playback;Exploration;ctr;not_alone;10450;0;0;0;0;2;0;2.00E-16
48;20230318_n66_ctr_5;playback;Vigilance;ctr;not_alone;10450;0;0;0;0;2;0;2.00E-16
57;20230318_n66_str_4;playback;Basking;str;not_alone;10450;60;0;0;0;2;0.992145515;0.992145515
58;20230318_n66_str_4;playback;Exploration;str;not_alone;10450;0;0;0;0;2;0;2.00E-16
60;20230318_n66_str_4;playback;Vigilance;str;not_alone;10450;0;0;0;0;2;0;2.00E-16
69;20230315_n376_nbg_1;playback;Basking;nbg;alone;10478;7.306;-6.16;-0.457448389;0;1;0.120810252;0.120810252
70;20230315_n376_nbg_1;playback;Exploration;nbg;alone;10478;26.03;-20.504;-0.44062406;0;1;0.430425796;0.430425796
72;20230315_n376_nbg_1;playback;Vigilance;nbg;alone;10478;0;0;0;0;2;0;2.00E-16
81;20230310_n376_nbg_1;playback;Basking;nbg;not_alone;10478;6.316;-18.646;-0.746975403;0;1;0.104439851;0.104439851
82;20230310_n376_nbg_1;playback;Exploration;nbg;not_alone;10478;2.134;2.134;1;1;3;0.035287309;0.035287309
84;20230310_n376_nbg_1;playback;Vigilance;nbg;not_alone;10478;51.55;51.55;1;1;3;0.852418355;0.852418355
93;20230310_n376_nbg_5;playback;Basking;nbg;not_alone;10478;27.815;-32.185;-0.536416667;0;1;0.459942125;0.459942125
94;20230310_n376_nbg_5;playback;Exploration;nbg;not_alone;10478;7.004;7.004;1;1;3;0.115816453;0.115816453
96;20230310_n376_nbg_5;playback;Vigilance;nbg;not_alone;10478;6.756;6.756;1;1;3;0.111715585;0.111715585
105;20230310_n376_str_2;playback;Basking;str;not_alone;10478;8.661;-51.339;-0.85565;0;1;0.143216205;0.143216205
106;20230310_n376_str_2;playback;Exploration;str;not_alone;10478;1.755;1.755;1;1;3;0.029020256;0.029020256
108;20230310_n376_str_2;playback;Vigilance;str;not_alone;10478;49.329;49.329;1;1;3;0.815692435;0.815692435
117;20230310_n376_ctr_4;playback;Basking;ctr;not_alone;10816;60;0;0;0;2;0.992145515;0.992145515
118;20230310_n376_ctr_4;playback;Exploration;ctr;not_alone;10816;0;0;0;0;2;0;2.00E-16
120;20230310_n376_ctr_4;playback;Vigilance;ctr;not_alone;10816;0;0;0;0;2;0;2.00E-16
129;20230310_n376_fam_3;playback;Basking;fam;not_alone;10816;60;0;0;0;2;0.992145515;0.992145515
130;20230310_n376_fam_3;playback;Exploration;fam;not_alone;10816;0;0;0;0;2;0;2.00E-16
132;20230310_n376_fam_3;playback;Vigilance;fam;not_alone;10816;0;0;0;0;2;0;2.00E-16
141;20230311_n66_nbg_6;playback;Basking;nbg;alone;10821;60;16.373;0.375295115;1;3;0.992145515;0.992145515
142;20230311_n66_nbg_6;playback;Exploration;nbg;alone;10821;0;0;0;0;2;0;2.00E-16
144;20230311_n66_nbg_6;playback;Vigilance;nbg;alone;10821;0;0;0;0;2;0;2.00E-16
153;20230311_n66_fam_2;playback;Basking;fam;not_alone;10821;60;0;0;0;2;0.992145515;0.992145515
154;20230311_n66_fam_2;playback;Exploration;fam;not_alone;10821;0;0;0;0;2;0;2.00E-16
156;20230311_n66_fam_2;playback;Vigilance;fam;not_alone;10821;0;0;0;0;2;0;2.00E-16
165;20230311_n66_nbg_1;playback;Basking;nbg;not_alone;10821;38.459;-21.541;-0.359016667;0;1;0.635948739;0.635948739
166;20230311_n66_nbg_1;playback;Exploration;nbg;not_alone;10821;0;0;0;0;2;0;2.00E-16
168;20230311_n66_nbg_1;playback;Vigilance;nbg;not_alone;10821;21.541;21.541;1;1;3;0.356196776;0.356196776
177;20230301_n66_nbg_1;playback;Basking;nbg;not_alone;10838;60;0;0;0;2;0.992145515;0.992145515
178;20230301_n66_nbg_1;playback;Exploration;nbg;not_alone;10838;0;0;0;0;2;0;2.00E-16
180;20230301_n66_nbg_1;playback;Vigilance;nbg;not_alone;10838;0;0;0;0;2;0;2.00E-16
189;20230306_n66_nbg_3;playback;Basking;nbg;not_alone;10843;45.737;-14.263;-0.237716667;0;2;0.75629599;0.75629599
190;20230306_n66_nbg_3;playback;Exploration;nbg;not_alone;10843;0.487;0.487;1;1;3;0.008052914;0.008052914
192;20230306_n66_nbg_3;playback;Vigilance;nbg;not_alone;10843;10.262;10.262;1;1;3;0.169689955;0.169689955
201;20230314_n491_ctr_3;playback;Basking;ctr;alone;10905;60;0;0;0;2;0.992145515;0.992145515
202;20230314_n491_ctr_3;playback;Exploration;ctr;alone;10905;0;2.361;0;0;2;0;2.00E-16
204;20230314_n491_ctr_3;playback;Vigilance;ctr;alone;10905;0;0;0;0;2;0;2.00E-16
213;20230302_n491_fam_1;playback;Basking;fam;alone;10905;55.998;55.998;1;1;3;0.925969409;0.925969409
214;20230302_n491_fam_1;playback;Exploration;fam;alone;10905;0;-13.251;-1;0;1;0;2.00E-16
216;20230302_n491_fam_1;playback;Vigilance;fam;alone;10905;0;0;0;0;2;0;2.00E-16
225;20230314_n491_nbg_4;playback;Basking;nbg;alone;10905;60;0;0;0;2;0.992145515;0.992145515
226;20230314_n491_nbg_4;playback;Exploration;nbg;alone;10905;0;0;0;0;2;0;2.00E-16
228;20230314_n491_nbg_4;playback;Vigilance;nbg;alone;10905;0;0;0;0;2;0;2.00E-16
237;20230302_n491_str_2;playback;Basking;str;alone;10905;0;-24.247;-1;0;1;0;2.00E-16
238;20230302_n491_str_2;playback;Exploration;str;alone;10905;34.42;5.168;0.176671681;1;2;0.56916081;0.56916081
240;20230302_n491_str_2;playback;Vigilance;str;alone;10905;25.25;25.25;1;1;3;0.417527904;0.417527904
249;20230314_n491_str_2;playback;Basking;str;alone;10905;0;-51.637;-1;0;1;0;2.00E-16
250;20230314_n491_str_2;playback;Exploration;str;alone;10905;0;0;0;0;2;0;2.00E-16
252;20230314_n491_str_2;playback;Vigilance;str;alone;10905;60;52.134;1;1;3;0.992145515;0.992145515
261;20230314_n491_fam_1;playback;Basking;fam;not_alone;10905;60;43.547;1;1;3;0.992145515;0.992145515
262;20230314_n491_fam_1;playback;Exploration;fam;not_alone;10905;0;-9.01;-1;0;1;0;2.00E-16
264;20230314_n491_fam_1;playback;Vigilance;fam;not_alone;10905;0;0;0;0;2;0;2.00E-16
273;20230321_n491_nbg_4;playback;Basking;nbg;alone;10909;20.261;20.261;1;1;3;0.335031005;0.335031005
274;20230321_n491_nbg_4;playback;Exploration;nbg;alone;10909;12.477;-0.112;-0.008896656;0;2;0.20631666;0.20631666
276;20230321_n491_nbg_4;playback;Vigilance;nbg;alone;10909;14.008;14.008;1;1;3;0.231632906;0.231632906
285;20230321_n491_fam_1;playback;Basking;fam;not_alone;10909;60;0;0;0;2;0.992145515;0.992145515
286;20230321_n491_fam_1;playback;Exploration;fam;not_alone;10909;0;0;0;0;2;0;2.00E-16
288;20230321_n491_fam_1;playback;Vigilance;fam;not_alone;10909;0;0;0;0;2;0;2.00E-16
297;20230309_n491_str_5;playback;Basking;str;not_alone;10909;9.456;-5.346;-0.36116741;0;1;0.156362133;0.156362133
298;20230309_n491_str_5;playback;Exploration;str;not_alone;10909;0;-11.659;-1;0;1;0;2.00E-16
300;20230309_n491_str_5;playback;Vigilance;str;not_alone;10909;45.799;16.518;0.564120078;1;3;0.757321207;0.757321207
309;20230309_n491_fam_3;playback;Basking;fam;not_alone;10932;60;0;0;0;2;0.992145515;0.992145515
310;20230309_n491_fam_3;playback;Exploration;fam;not_alone;10932;0;0;0;0;2;0;2.00E-16
312;20230309_n491_fam_3;playback;Vigilance;fam;not_alone;10932;0;0;0;0;2;0;2.00E-16
321;20230309_n491_fam_6;playback;Basking;fam;not_alone;10932;54.251;-5.749;-0.095816667;0;2;0.897081439;0.897081439
322;20230309_n491_fam_6;playback;Exploration;fam;not_alone;10932;0;0;0;0;2;0;2.00E-16
324;20230309_n491_fam_6;playback;Vigilance;fam;not_alone;10932;0;0;0;0;2;0;2.00E-16
333;20230309_n491_nbg_4;playback;Basking;nbg;not_alone;10932;7.504;-52.496;-0.874933333;0;1;0.124084332;0.124084332
334;20230309_n491_nbg_4;playback;Exploration;nbg;not_alone;10932;8.504;8.504;1;1;3;0.140620091;0.140620091
336;20230309_n491_nbg_4;playback;Vigilance;nbg;not_alone;10932;43.23;43.23;1;1;3;0.714840843;0.714840843
345;20230303_n376_ctr_1;playback;Basking;ctr;alone;10936;52.282;32.282;1;1;3;0.86452253;0.86452253
346;20230303_n376_ctr_1;playback;Exploration;ctr;alone;10936;0;0;0;0;2;0;2.00E-16
348;20230303_n376_ctr_1;playback;Vigilance;ctr;alone;10936;4.466;3.434;1;1;3;0.073848698;0.073848698
357;20230303_n376_fam_4;playback;Basking;fam;alone;10936;60;13.505;0.29046134;1;3;0.992145515;0.992145515
358;20230303_n376_fam_4;playback;Exploration;fam;alone;10936;0;-8.009;-1;0;1;0;2.00E-16
360;20230303_n376_fam_4;playback;Vigilance;fam;alone;10936;0;0;0;0;2;0;2.00E-16
369;20230324_n376_fam_1;playback;Basking;fam;alone;10936;57.644;48.975;1;1;3;0.953187267;0.953187267
370;20230324_n376_fam_1;playback;Exploration;fam;alone;10936;2.356;-48.975;-0.95410181;0;1;0.038958247;0.038958247
372;20230324_n376_fam_1;playback;Vigilance;fam;alone;10936;0;0;0;0;2;0;2.00E-16
381;20230322_n376_str_1;playback;Basking;str;alone;10936;0;-39.802;-1;0;1;0;2.00E-16
382;20230322_n376_str_1;playback;Exploration;str;alone;10936;0;-2.75;-1;0;1;0;2.00E-16
384;20230322_n376_str_1;playback;Vigilance;str;alone;10936;59.748;59.748;1;1;3;0.987978504;0.987978504
393;20230321_n491_fam_6;playback;Basking;fam;alone;10941;0;-53.804;-1;0;1;0;2.00E-16
394;20230321_n491_fam_6;playback;Exploration;fam;alone;10941;0;-5.104;-1;0;1;0;2.00E-16
396;20230321_n491_fam_6;playback;Vigilance;fam;alone;10941;60;58.908;1;1;3;0.992145515;0.992145515
405;20230321_n491_str_5;playback;Basking;str;alone;10941;0;-25.183;-1;0;1;0;2.00E-16
406;20230321_n491_str_5;playback;Exploration;str;alone;10941;0;-32.007;-1;0;1;0;2.00E-16
408;20230321_n491_str_5;playback;Vigilance;str;alone;10941;60;57.19;1;1;3;0.992145515;0.992145515
417;20230309_n491_nbg_1;playback;Basking;nbg;alone;10962;60;0;0;0;2;0.992145515;0.992145515
418;20230309_n491_nbg_1;playback;Exploration;nbg;alone;10962;0;0;0;0;2;0;2.00E-16
420;20230309_n491_nbg_1;playback;Vigilance;nbg;alone;10962;0;0;0;0;2;0;2.00E-16
429;20230309_n491_str_2;playback;Basking;str;alone;10962;60;0;0;0;2;0.992145515;0.992145515
430;20230309_n491_str_2;playback;Exploration;str;alone;10962;0;0;0;0;2;0;2.00E-16
432;20230309_n491_str_2;playback;Vigilance;str;alone;10962;0;0;0;0;2;0;2.00E-16
441;20230321_n491_str_3;playback;Basking;str;alone;10962;0;-53.297;-1;0;1;0;2.00E-16
442;20230321_n491_str_3;playback;Exploration;str;alone;10962;0;0;0;0;2;0;2.00E-16
444;20230321_n491_str_3;playback;Vigilance;str;alone;10962;0;-4.253;-1;0;1;0;2.00E-16
453;20230321_n491_nbg_2;playback;Basking;nbg;not_alone;10962;60;0;0;0;2;0.992145515;0.992145515
454;20230321_n491_nbg_2;playback;Exploration;nbg;not_alone;10962;0;0;0;0;2;0;2.00E-16
456;20230321_n491_nbg_2;playback;Vigilance;nbg;not_alone;10962;0;0;0;0;2;0;2.00E-16
465;20230306_n66_fam_1;playback;Basking;fam;alone;unknown2;14.612;-6.071;-0.293526084;0;1;0.241620504;0.241620504
466;20230306_n66_fam_1;playback;Exploration;fam;alone;unknown2;6.75;-2.271;-0.251745926;0;1;0.11161637;0.11161637
468;20230306_n66_fam_1;playback;Vigilance;fam;alone;unknown2;0;0;0;0;2;0;2.00E-16
477;20230311_n66_nbg_3;playback;Basking;nbg;alone;unknown3;56.46;33.342;1;1;3;0.933608929;0.933608929
478;20230311_n66_nbg_3;playback;Exploration;nbg;alone;unknown3;0;0;0;0;2;0;2.00E-16
480;20230311_n66_nbg_3;playback;Vigilance;nbg;alone;unknown3;3.54;3.54;1;1;3;0.058536585;0.058536585
489;20230315_n376_nbg_2;playback;Basking;nbg;alone;unknown4;19.281;0.536;0.028594292;1;2;0.318825961;0.318825961
490;20230315_n376_nbg_2;playback;Exploration;nbg;alone;unknown4;11.797;-27.897;-0.702801431;0;1;0.195072344;0.195072344
492;20230315_n376_nbg_2;playback;Vigilance;nbg;alone;unknown4;27.963;27.399;1;1;3;0.462389417;0.462389417
501;20230324_n376_fam_2;playback;Basking;fam;alone;unknown5;60;52.198;1;1;3;0.992145515;0.992145515
502;20230324_n376_fam_2;playback;Exploration;fam;alone;unknown5;0;-52.198;-1;0;1;0;2.00E-16
504;20230324_n376_fam_2;playback;Vigilance;fam;alone;unknown5;0;0;0;0;2;0;2.00E-16
